id,first_name,last_name,email,gender,ip_address
1,Aurilia,Schuricke,aschuricke0@mashable.com,Female,9.20.168.36
2,Sybil,Gemeau,sgemeau1@github.io,Female,161.246.122.28
3,Emera,Rapi,erapi2@eepurl.com,Female,40.241.59.150
4,Billi,Saterthwait,bsaterthwait3@biblegateway.com,Female,69.199.105.93
5,Lishe,Irons,lirons4@symantec.com,Female,252.215.69.222
6,Dunstan,Ruff,druff5@so-net.ne.jp,Male,70.13.59.16
7,Marchall,Cumberpatch,mcumberpatch6@miibeian.gov.cn,Male,207.180.84.144
8,Selena,Dahler,sdahler7@php.net,Non-binary,34.45.192.78
9,Kalindi,Rawne,krawne8@t-online.de,Female,51.166.179.191
10,Parrnell,Barrack,pbarrack9@npr.org,Male,237.124.78.49
11,Chrysler,Zealy,czealya@rediff.com,Female,77.78.22.34
12,Vivianne,Postance,vpostanceb@vistaprint.com,Female,70.188.4.196
13,Hakeem,Scobbie,hscobbiec@bluehost.com,Male,245.107.49.213
14,Tamas,Catterick,tcatterickd@sourceforge.net,Male,156.34.102.245
15,Orelee,Wetter,owettere@elegantthemes.com,Non-binary,156.77.228.149
16,Kendre,Barstock,kbarstockf@g.co,Female,183.114.208.46
17,Tremain,Gowan,tgowang@accuweather.com,Male,194.156.234.134
18,Davidde,O'Donovan,dodonovanh@mediafire.com,Bigender,8.132.162.198
19,Windham,Haggerstone,whaggerstonei@instagram.com,Male,141.74.154.213
20,Carolan,Mahomet,cmahometj@wix.com,Female,91.5.215.126
21,Nikolai,Vynarde,nvynardek@infoseek.co.jp,Male,152.34.234.43
22,Vassili,Coombs,vcoombsl@reddit.com,Male,189.76.79.144
23,Freeland,Raitt,fraittm@latimes.com,Male,119.119.205.138
24,Gerry,Hexum,ghexumn@netscape.com,Male,102.72.156.44
25,Johnathan,Wyrall,jwyrallo@flavors.me,Male,223.109.158.157
26,Boote,Pieterick,bpieterickp@state.tx.us,Male,224.105.126.220
27,Jarrod,Farebrother,jfarebrotherq@dailymail.co.uk,Male,226.200.161.68
28,Clifford,Speake,cspeaker@seesaa.net,Male,221.230.46.132
29,Kendal,Durden,kdurdens@china.com.cn,Male,53.6.9.165
30,Rasia,Gianinotti,rgianinottit@jalbum.net,Female,138.174.242.233
31,Petr,Brimham,pbrimhamu@ustream.tv,Male,141.83.52.230
32,Harper,Miliffe,hmiliffev@ucsd.edu,Male,34.199.109.15
33,Christiana,Bartolomeotti,cbartolomeottiw@wikimedia.org,Female,40.38.196.46
34,Marsh,Slimming,mslimmingx@sciencedaily.com,Male,17.206.66.176
35,Gerry,Fulk,gfulky@360.cn,Male,238.93.86.69
36,Hallsy,O'Kane,hokanez@istockphoto.com,Male,83.49.27.205
37,Estele,Shortland,eshortland10@telegraph.co.uk,Agender,23.176.239.138
38,Kalie,Raft,kraft11@usnews.com,Female,194.1.157.201
39,Heather,Ballintime,hballintime12@scientificamerican.com,Female,41.18.28.61
40,Christiana,Attwool,cattwool13@addthis.com,Female,230.35.142.40
41,Evyn,Hachette,ehachette14@hhs.gov,Male,174.247.31.239
42,Judd,Sissons,jsissons15@typepad.com,Male,109.135.134.206
43,Kristal,Lowdwell,klowdwell16@canalblog.com,Female,177.250.245.199
44,Loella,Murrhardt,lmurrhardt17@furl.net,Female,136.66.215.195
45,Angelika,Kingescot,akingescot18@gnu.org,Female,223.34.131.7
46,Ramon,Full,rfull19@vk.com,Male,70.105.217.228
47,Benedick,Southern,bsouthern1a@state.tx.us,Male,227.195.1.76
48,Larissa,Mordie,lmordie1b@cnn.com,Female,164.71.197.250
49,Rustin,Pilipyak,rpilipyak1c@netscape.com,Male,65.157.135.94
50,Sander,Berkery,sberkery1d@tripod.com,Genderfluid,68.200.235.187
51,Jeffry,Skynner,jskynner1e@nasa.gov,Male,108.125.130.78
52,Morey,McLellan,mmclellan1f@nba.com,Male,63.5.47.131
53,Madalena,Formby,mformby1g@mlb.com,Female,238.209.124.43
54,Colene,Chrippes,cchrippes1h@hud.gov,Female,255.65.154.140
55,Ina,Kinnon,ikinnon1i@wikimedia.org,Genderfluid,44.253.58.149
56,Sandy,Doone,sdoone1j@oracle.com,Male,247.142.229.104
57,Agatha,Oldfield-Cherry,aoldfieldcherry1k@so-net.ne.jp,Female,143.192.138.205
58,Dionis,Acreman,dacreman1l@ucla.edu,Female,194.96.179.247
59,Welch,Martynikhin,wmartynikhin1m@ovh.net,Male,170.16.232.53
60,Denny,Birtonshaw,dbirtonshaw1n@jigsy.com,Male,123.91.149.110
61,Lemuel,Linnell,llinnell1o@amazonaws.com,Male,43.222.59.193
62,Floris,Magrannell,fmagrannell1p@technorati.com,Non-binary,101.24.160.126
63,Dionisio,Edwicker,dedwicker1q@abc.net.au,Male,166.114.6.116
64,Cleon,Tillot,ctillot1r@dell.com,Male,151.116.12.45
65,Ofilia,Isson,oisson1s@yolasite.com,Female,220.103.14.144
66,Bord,Amphlett,bamphlett1t@wix.com,Male,73.121.237.89
67,Jerrine,MacAlister,jmacalister1u@macromedia.com,Female,166.218.21.242
68,Ruthanne,Cummine,rcummine1v@google.fr,Female,122.85.118.43
69,Yuma,MacGiolla Pheadair,ymacgiollapheadair1w@reverbnation.com,Male,163.188.92.111
70,Jaynell,Lightoller,jlightoller1x@wired.com,Female,187.116.118.192
71,Nerta,Alwin,nalwin1y@umn.edu,Female,71.177.62.191
72,Romonda,Bansal,rbansal1z@qq.com,Female,84.124.42.218
73,Gunter,Robelow,grobelow20@privacy.gov.au,Male,201.171.74.51
74,Etheline,De Lasci,edelasci21@studiopress.com,Female,134.72.93.5
75,Brent,Pellew,bpellew22@163.com,Male,57.43.180.99
76,Georges,Riddoch,griddoch23@about.me,Male,3.88.133.53
77,Maisie,Credland,mcredland24@aboutads.info,Female,186.208.30.121
78,Bing,Chstney,bchstney25@auda.org.au,Male,81.212.238.33
79,Lester,Wellsman,lwellsman26@patch.com,Male,198.178.222.255
80,Cassondra,Cammis,ccammis27@soup.io,Female,27.145.51.144
81,Ted,Spellicy,tspellicy28@patch.com,Female,252.143.161.96
82,Latia,Gurling,lgurling29@blogger.com,Female,182.106.194.151
83,Cecilius,Thewless,cthewless2a@nifty.com,Male,33.111.103.206
84,Nevins,Shyres,nshyres2b@jimdo.com,Male,21.85.99.205
85,Robinson,Krink,rkrink2c@blogspot.com,Male,222.154.74.159
86,Fabian,Stonehewer,fstonehewer2d@scribd.com,Male,107.251.79.0
87,Irwin,Southwood,isouthwood2e@dyndns.org,Male,104.236.149.2
88,Zarla,Gateshill,zgateshill2f@nyu.edu,Female,183.210.89.79
89,Dylan,Norrey,dnorrey2g@4shared.com,Male,247.210.202.172
90,Stefania,Skupinski,sskupinski2h@acquirethisname.com,Female,228.92.140.73
91,Leanna,Fisby,lfisby2i@jugem.jp,Female,181.144.125.94
92,Merle,MacLucais,mmaclucais2j@cyberchimps.com,Male,250.161.184.111
93,Lola,Toffel,ltoffel2k@bloglines.com,Female,100.66.128.254
94,Barney,Possa,bpossa2l@histats.com,Male,161.116.34.179
95,Ginnie,Phette,gphette2m@sohu.com,Female,213.27.38.57
96,Elladine,Fowells,efowells2n@wp.com,Female,54.196.112.246
97,Etti,Demschke,edemschke2o@eepurl.com,Female,130.193.196.130
98,Clarine,Crichley,ccrichley2p@live.com,Female,42.87.214.32
99,Phillida,De Pero,pdepero2q@surveymonkey.com,Female,239.215.86.141
100,Yehudi,Etches,yetches2r@google.com.au,Male,63.105.113.83
101,Romain,Mazzei,rmazzei2s@seattletimes.com,Male,158.116.183.207
102,Fancie,Durtnal,fdurtnal2t@auda.org.au,Female,165.198.49.9
103,Kimbra,Blincowe,kblincowe2u@com.com,Female,95.71.252.129
104,Arturo,Jeafferson,ajeafferson2v@slashdot.org,Male,135.100.6.109
105,Clemente,Atwater,catwater2w@mapy.cz,Bigender,45.127.179.173
106,Marion,Lakenden,mlakenden2x@uiuc.edu,Male,153.114.244.43
107,Edna,Ashmore,eashmore2y@paypal.com,Female,229.73.13.1
108,Oliver,Feighry,ofeighry2z@lulu.com,Genderqueer,71.31.8.160
109,Janis,Veevers,jveevers30@webnode.com,Female,164.21.49.96
110,Leeland,Rable,lrable31@vimeo.com,Male,255.81.195.10
111,Samson,Cridge,scridge32@hugedomains.com,Male,217.238.187.12
112,Eugenius,Blackaller,eblackaller33@senate.gov,Male,86.214.147.180
113,Taylor,Brazel,tbrazel34@slashdot.org,Male,240.77.68.189
114,Kenneth,Kitlee,kkitlee35@ovh.net,Male,159.45.205.46
115,Taddeusz,O'Gormley,togormley36@mashable.com,Male,191.20.88.171
116,Blaine,Verrills,bverrills37@discovery.com,Male,176.219.119.72
117,Avril,Pabelik,apabelik38@bing.com,Bigender,90.53.118.212
118,Bev,Linsey,blinsey39@devhub.com,Female,161.199.241.140
119,Nicolai,Charrington,ncharrington3a@de.vu,Male,142.46.44.248
120,Esteban,Brandham,ebrandham3b@a8.net,Male,13.49.152.47
121,Carena,Skein,cskein3c@vinaora.com,Female,73.217.170.128
122,Hali,Manketell,hmanketell3d@theglobeandmail.com,Female,111.159.122.46
123,Joey,Bridgwater,jbridgwater3e@intel.com,Male,237.189.234.51
124,Jolee,Schurig,jschurig3f@apache.org,Female,9.137.76.240
125,Nikolos,Muckloe,nmuckloe3g@wisc.edu,Male,244.100.224.33
126,Dolph,Buse,dbuse3h@domainmarket.com,Male,82.50.84.192
127,Dalia,Crompton,dcrompton3i@vinaora.com,Female,163.226.37.115
128,Coriss,Janjic,cjanjic3j@amazon.de,Female,241.98.83.91
129,Ferdinanda,Edelheid,fedelheid3k@163.com,Female,200.167.38.151
130,Blayne,Cudihy,bcudihy3l@google.co.jp,Bigender,245.238.180.216
131,Oran,Tebbut,otebbut3m@moonfruit.com,Male,152.106.30.68
132,Artur,Goodband,agoodband3n@is.gd,Male,96.192.118.80
133,Osborn,Knowlman,oknowlman3o@princeton.edu,Male,113.58.74.1
134,Kort,Stickel,kstickel3p@nhs.uk,Male,184.114.177.207
135,Georgena,Gregor,ggregor3q@github.com,Female,252.90.77.54
136,Keane,Mainland,kmainland3r@discovery.com,Male,92.220.55.45
137,Edythe,Adamo,eadamo3s@psu.edu,Female,92.209.209.11
138,Kasey,Goncalo,kgoncalo3t@sbwire.com,Non-binary,19.92.88.65
139,Koenraad,Kubasiewicz,kkubasiewicz3u@yelp.com,Male,89.222.90.3
140,Thatcher,Kaminski,tkaminski3v@marketwatch.com,Male,81.1.55.118
141,Madlin,Lovie,mlovie3w@upenn.edu,Female,41.227.120.58
142,Gabbie,McClosh,gmcclosh3x@netvibes.com,Genderqueer,73.8.60.57
143,Sharron,McDoual,smcdoual3y@amazon.com,Female,74.38.42.80
144,Thekla,Penni,tpenni3z@shinystat.com,Female,159.68.102.10
145,Brynn,Dudny,bdudny40@walmart.com,Female,249.195.75.212
146,Rodi,Bonhill,rbonhill41@alexa.com,Female,18.66.248.159
147,Obidiah,Undrell,oundrell42@booking.com,Male,18.151.139.105
148,Arlen,Darrigoe,adarrigoe43@indiegogo.com,Bigender,44.243.136.108
149,Vincenty,Haycroft,vhaycroft44@walmart.com,Male,221.147.32.180
150,Noel,Stanner,nstanner45@instagram.com,Polygender,47.253.121.255
151,Ariel,Benettolo,abenettolo46@booking.com,Male,176.68.172.14
152,Jacki,Rosellini,jrosellini47@canalblog.com,Female,15.94.42.223
153,De,de Almeida,ddealmeida48@cdbaby.com,Female,107.59.74.40
154,Kaile,Titchen,ktitchen49@sakura.ne.jp,Female,244.187.56.110
155,Marcie,Braund,mbraund4a@naver.com,Female,49.192.247.228
156,Noe,Newrick,nnewrick4b@geocities.com,Male,228.42.107.44
157,Konstance,Minthorpe,kminthorpe4c@ihg.com,Female,82.148.230.116
158,Gizela,Reyner,greyner4d@gravatar.com,Female,208.221.166.19
159,Irwinn,Perrins,iperrins4e@chronoengine.com,Male,149.82.141.34
160,Brandi,Stainbridge,bstainbridge4f@vinaora.com,Female,196.207.238.167
161,Mattie,Como,mcomo4g@nba.com,Female,92.9.4.181
162,Teresa,Lorkings,tlorkings4h@wordpress.org,Female,102.27.191.119
163,Darrelle,Mara,dmara4i@cpanel.net,Genderfluid,117.77.48.167
164,Minda,Scrowby,mscrowby4j@ebay.com,Female,254.13.67.46
165,Marcelle,Drew,mdrew4k@bloglines.com,Female,250.84.189.3
166,Waly,Queen,wqueen4l@oaic.gov.au,Female,173.68.48.209
167,Victor,Wharby,vwharby4m@globo.com,Male,18.95.26.85
168,Odo,Haskur,ohaskur4n@soup.io,Bigender,81.61.224.182
169,Zaneta,Lannon,zlannon4o@icq.com,Female,229.109.8.222
170,Ferdie,Burchell,fburchell4p@friendfeed.com,Male,37.35.17.132
171,Benedicto,Summerside,bsummerside4q@dell.com,Male,98.50.219.219
172,Matthew,Beddoes,mbeddoes4r@bloomberg.com,Male,45.189.173.170
173,Ingra,Chastaing,ichastaing4s@apache.org,Male,254.53.239.134
174,Chery,Geake,cgeake4t@altervista.org,Female,12.215.220.226
175,Granthem,Bonallack,gbonallack4u@altervista.org,Polygender,160.181.32.136
176,Addy,Porteous,aporteous4v@foxnews.com,Genderfluid,217.25.157.220
177,Dennison,Kenewel,dkenewel4w@webmd.com,Male,106.6.73.232
178,Weylin,Sabate,wsabate4x@cnbc.com,Male,225.18.143.173
179,Naomi,Palombi,npalombi4y@scribd.com,Agender,65.131.178.173
180,Dulci,Shepland,dshepland4z@blogtalkradio.com,Female,97.101.59.155
181,Hilary,Dahlberg,hdahlberg50@clickbank.net,Male,140.24.178.177
182,Arlena,Noah,anoah51@skyrock.com,Female,182.23.46.76
183,Petra,Abadam,pabadam52@businessweek.com,Non-binary,59.7.71.200
184,Kay,Measor,kmeasor53@toplist.cz,Bigender,45.139.65.246
185,Ajay,Lanigan,alanigan54@unesco.org,Female,189.81.118.233
186,Devan,Scading,dscading55@soundcloud.com,Female,241.245.205.228
187,Shandie,Madelin,smadelin56@china.com.cn,Female,150.10.158.112
188,Dix,Reader,dreader57@pen.io,Female,16.84.169.57
189,Farris,Zanioletti,fzanioletti58@over-blog.com,Male,50.49.243.214
190,Milli,Bearcock,mbearcock59@boston.com,Female,21.197.207.218
191,Boonie,Morrant,bmorrant5a@columbia.edu,Male,205.178.240.228
192,Georgena,Sallows,gsallows5b@whitehouse.gov,Female,114.193.181.27
193,Eduardo,Lanchberry,elanchberry5c@sourceforge.net,Bigender,223.191.208.163
194,Pall,Carlett,pcarlett5d@tumblr.com,Male,155.147.21.90
195,Leigha,Roubeix,lroubeix5e@quantcast.com,Female,117.255.87.218
196,Godart,Ivanovic,givanovic5f@yellowpages.com,Male,75.195.94.73
197,Lira,Domniney,ldomniney5g@unicef.org,Female,134.251.71.54
198,Ebenezer,Kanwell,ekanwell5h@4shared.com,Male,107.3.105.130
199,Denys,Niland,dniland5i@nasa.gov,Bigender,1.241.105.131
200,Lula,Blodget,lblodget5j@nydailynews.com,Female,8.96.140.106
201,Aristotle,Haxley,ahaxley5k@dailymail.co.uk,Male,61.211.23.97
202,Genvieve,Cassely,gcassely5l@booking.com,Female,82.253.5.151
203,Elysia,Hallin,ehallin5m@ebay.co.uk,Female,113.57.26.2
204,Dalt,Goadby,dgoadby5n@exblog.jp,Non-binary,204.198.101.117
205,Jorie,Fardy,jfardy5o@bing.com,Female,95.145.120.209
206,Lyssa,Musterd,lmusterd5p@cdbaby.com,Female,247.246.103.87
207,Huntlee,Helliker,hhelliker5q@bluehost.com,Male,128.100.210.31
208,Paola,Gilberthorpe,pgilberthorpe5r@virginia.edu,Female,104.138.32.38
209,Odessa,Vest,ovest5s@netscape.com,Female,178.75.218.30
210,Sanderson,Kalvin,skalvin5t@xing.com,Male,186.69.73.68
211,Pippo,Whittock,pwhittock5u@xrea.com,Male,193.185.109.9
212,Debi,Inchcomb,dinchcomb5v@utexas.edu,Female,113.168.114.160
213,Darbee,Bould,dbould5w@amazon.de,Male,198.104.243.123
214,Siusan,Picot,spicot5x@japanpost.jp,Non-binary,87.139.23.205
215,Gayler,Kobierzycki,gkobierzycki5y@over-blog.com,Male,225.36.168.191
216,Alaster,Rosendall,arosendall5z@flavors.me,Male,112.31.238.37
217,Uta,Kits,ukits60@chicagotribune.com,Female,239.63.139.193
218,Shara,Devall,sdevall61@gnu.org,Female,247.28.202.210
219,Miner,Rossey,mrossey62@telegraph.co.uk,Male,144.110.221.104
220,Gavra,Itzkovwich,gitzkovwich63@privacy.gov.au,Female,148.24.98.29
221,Valentia,Booeln,vbooeln64@networkadvertising.org,Female,225.242.245.203
222,Winfred,O'Luney,woluney65@vkontakte.ru,Male,68.225.39.74
223,Chan,Lamball,clamball66@geocities.com,Genderqueer,63.206.149.234
224,Nollie,Handsheart,nhandsheart67@slashdot.org,Genderfluid,197.187.165.176
225,Clark,Wathall,cwathall68@1und1.de,Male,55.140.214.240
226,Edwin,Zambon,ezambon69@google.com,Male,253.177.91.74
227,Ailina,Marchington,amarchington6a@msu.edu,Female,65.156.216.144
228,Terese,Fitzharris,tfitzharris6b@ucsd.edu,Female,233.25.93.2
229,Hazel,Howlin,hhowlin6c@zdnet.com,Male,162.59.163.134
230,Carroll,Luna,cluna6d@mashable.com,Polygender,70.23.254.208
231,Kelbee,Pauler,kpauler6e@meetup.com,Male,127.82.42.236
232,Marguerite,Franciottoi,mfranciottoi6f@zdnet.com,Female,215.2.175.191
233,Ailyn,Ortas,aortas6g@bravesites.com,Female,254.65.227.21
234,Oswell,Capeloff,ocapeloff6h@cnn.com,Male,90.148.31.226
235,Hoebart,MacKenny,hmackenny6i@hc360.com,Male,245.6.28.221
236,Town,Vitte,tvitte6j@timesonline.co.uk,Male,164.13.152.246
237,Matilde,Raddon,mraddon6k@diigo.com,Female,97.150.123.156
238,Michal,McGiven,mmcgiven6l@slate.com,Male,134.135.56.48
239,Lindie,Scutter,lscutter6m@dion.ne.jp,Female,50.142.243.252
240,Deny,Roxbrough,droxbrough6n@flavors.me,Female,110.96.146.60
241,Cordie,Blackstone,cblackstone6o@wikispaces.com,Male,253.132.10.86
242,Toddie,Berntsson,tberntsson6p@sciencedaily.com,Male,42.6.185.232
243,Sarajane,Sammars,ssammars6q@columbia.edu,Polygender,184.17.65.230
244,Egan,Longhi,elonghi6r@youtu.be,Male,100.153.142.241
245,Dreddy,Konzel,dkonzel6s@answers.com,Female,252.126.16.185
246,Kevan,Champken,kchampken6t@imgur.com,Male,114.80.205.98
247,Arvin,Mapes,amapes6u@moonfruit.com,Agender,49.132.244.138
248,Jorrie,Mehaffey,jmehaffey6v@spotify.com,Female,0.134.28.89
249,Darwin,Fowells,dfowells6w@oaic.gov.au,Male,64.197.103.117
250,Elfrieda,Mc Caghan,emccaghan6x@oracle.com,Female,84.7.63.245
251,Mohammed,Mapledorum,mmapledorum6y@themeforest.net,Male,86.87.178.124
252,Adrien,Claisse,aclaisse6z@vimeo.com,Genderqueer,233.125.217.78
253,Perl,Shaplin,pshaplin70@google.it,Female,209.250.26.180
254,Hansiain,Lansley,hlansley71@springer.com,Male,188.225.25.98
255,Nicholas,Drissell,ndrissell72@ezinearticles.com,Male,55.174.101.167
256,Northrup,Glanert,nglanert73@mapy.cz,Male,253.208.225.45
257,Say,Altoft,saltoft74@pen.io,Male,160.241.221.9
258,Elisha,Rudge,erudge75@admin.ch,Male,181.238.173.216
259,Bartel,Dugmore,bdugmore76@networksolutions.com,Male,87.42.196.8
260,Daloris,Everitt,deveritt77@bing.com,Female,126.181.228.42
261,Luci,Cleaton,lcleaton78@php.net,Female,163.172.89.71
262,Ardisj,Hotchkin,ahotchkin79@accuweather.com,Female,135.1.202.16
263,Brynna,Voce,bvoce7a@wikia.com,Female,58.118.242.13
264,Claudianus,Orpen,corpen7b@networkadvertising.org,Male,212.170.97.60
265,Claire,Lindmark,clindmark7c@ibm.com,Male,169.238.133.132
266,Dov,Treweela,dtreweela7d@apple.com,Male,70.17.123.2
267,Alfredo,Padley,apadley7e@w3.org,Male,166.124.70.10
268,Tobit,Mashal,tmashal7f@studiopress.com,Male,181.59.82.155
269,Vera,Whithorn,vwhithorn7g@pagesperso-orange.fr,Female,71.168.29.170
270,Webb,Rafter,wrafter7h@xinhuanet.com,Bigender,179.95.53.237
271,Kirsten,Baynes,kbaynes7i@jigsy.com,Female,117.13.131.159
272,Bren,Cubbino,bcubbino7j@infoseek.co.jp,Male,148.118.200.120
273,Westley,Esler,wesler7k@techcrunch.com,Male,76.0.55.29
274,Irv,Cozby,icozby7l@ameblo.jp,Agender,216.160.152.50
275,Alexine,Crock,acrock7m@businesswire.com,Agender,229.135.223.147
276,Amble,Adamini,aadamini7n@youku.com,Male,161.93.231.249
277,Clive,Hartill,chartill7o@freewebs.com,Genderfluid,211.8.31.114
278,Ami,Weatherdon,aweatherdon7p@ted.com,Female,26.93.91.37
279,April,Backes,abackes7q@soundcloud.com,Female,188.102.51.160
280,Winthrop,Oscroft,woscroft7r@theatlantic.com,Male,4.31.204.225
281,Dill,Klemensiewicz,dklemensiewicz7s@mac.com,Male,145.87.109.144
282,Orton,Sergant,osergant7t@ucoz.com,Male,111.18.224.146
283,Merrile,Brunroth,mbrunroth7u@amazon.com,Female,116.22.27.32
284,Yancy,Paffot,ypaffot7v@businesswire.com,Male,130.246.55.227
285,Rebekah,Swainston,rswainston7w@dell.com,Female,98.252.82.95
286,Vern,Ledger,vledger7x@weather.com,Male,164.47.205.54
287,Brianne,Soppit,bsoppit7y@mapy.cz,Female,77.146.112.204
288,York,Steljes,ysteljes7z@jigsy.com,Male,43.212.101.53
289,Abel,Dafydd,adafydd80@apple.com,Male,155.112.132.10
290,Johnathon,Geare,jgeare81@acquirethisname.com,Male,166.227.48.61
291,Dillon,Phizacklea,dphizacklea82@angelfire.com,Male,59.96.30.67
292,Tim,Buckthought,tbuckthought83@eventbrite.com,Male,90.29.174.133
293,Lind,Mocquer,lmocquer84@blogs.com,Female,69.16.220.101
294,Clarabelle,Fiddeman,cfiddeman85@bbb.org,Female,66.153.12.172
295,Catherine,Purcer,cpurcer86@illinois.edu,Female,214.255.110.40
296,Lyn,Coumbe,lcoumbe87@mashable.com,Male,51.147.100.117
297,Mariele,Creak,mcreak88@sogou.com,Female,183.44.226.236
298,Guntar,Throughton,gthroughton89@gmpg.org,Male,3.28.247.116
299,Lukas,Laughlan,llaughlan8a@i2i.jp,Male,163.14.62.8
300,Merridie,Chesshire,mchesshire8b@joomla.org,Female,202.230.208.158
301,Thoma,Palphramand,tpalphramand8c@ehow.com,Male,108.8.204.2
302,Torrence,Ibotson,tibotson8d@aol.com,Male,233.153.163.106
303,Prince,Laughren,plaughren8e@wordpress.com,Male,254.139.34.25
304,Tremain,Skentelbery,tskentelbery8f@symantec.com,Male,245.248.248.171
305,Ethelda,Aireton,eaireton8g@senate.gov,Genderfluid,52.172.102.38
306,Ruben,Merredy,rmerredy8h@yellowpages.com,Male,2.72.116.95
307,Deirdre,Croxford,dcroxford8i@e-recht24.de,Agender,77.171.47.145
308,Cletus,Worden,cworden8j@walmart.com,Male,55.128.157.157
309,Humbert,Drinkwater,hdrinkwater8k@ocn.ne.jp,Male,211.134.144.64
310,Kristo,Grastye,kgrastye8l@php.net,Male,239.66.120.228
311,Aldo,Martinet,amartinet8m@jiathis.com,Male,93.146.40.104
312,Vivienne,Coughlan,vcoughlan8n@purevolume.com,Female,40.218.206.78
313,Adora,Brayne,abrayne8o@blinklist.com,Female,150.167.194.22
314,Gertrudis,Chinery,gchinery8p@harvard.edu,Female,45.26.205.114
315,Judas,Renackowna,jrenackowna8q@netlog.com,Male,164.83.30.190
316,Astrix,Eadon,aeadon8r@admin.ch,Female,31.180.229.58
317,Windham,Gambles,wgambles8s@dropbox.com,Male,239.176.244.239
318,Avictor,Wartnaby,awartnaby8t@newyorker.com,Male,177.182.178.91
319,Rozanna,Pawellek,rpawellek8u@usnews.com,Female,158.19.202.145
320,Keenan,Titmuss,ktitmuss8v@upenn.edu,Male,181.29.51.192
321,Mozelle,Gooch,mgooch8w@plala.or.jp,Female,70.165.98.40
322,Garwood,Tisun,gtisun8x@g.co,Male,255.73.117.239
323,Averell,Skarman,askarman8y@parallels.com,Male,78.24.133.24
324,Sully,Benny,sbenny8z@google.es,Male,185.117.59.17
325,Ingaberg,Nezey,inezey90@time.com,Female,110.97.183.165
326,Rina,Jaffa,rjaffa91@xing.com,Female,204.14.141.172
327,Annaliese,Swinney,aswinney92@alexa.com,Female,241.143.132.67
328,Trev,Yewman,tyewman93@jalbum.net,Male,155.90.36.153
329,Teddy,Burburough,tburburough94@woothemes.com,Male,0.21.72.110
330,Manon,Higgonet,mhiggonet95@joomla.org,Female,90.53.234.156
331,Elyn,Poolton,epoolton96@mozilla.org,Female,117.228.178.18
332,Roger,Clausner,rclausner97@fastcompany.com,Male,216.161.117.99
333,Devlin,Polendine,dpolendine98@ask.com,Male,104.108.73.143
334,Sib,Claiton,sclaiton99@cam.ac.uk,Female,223.199.155.31
335,Emelen,Silverstone,esilverstone9a@4shared.com,Agender,40.103.247.96
336,Franzen,Heymann,fheymann9b@hibu.com,Male,125.189.127.214
337,Ariana,Beardsley,abeardsley9c@w3.org,Bigender,78.103.61.225
338,Ario,Gravie,agravie9d@instagram.com,Male,19.191.49.86
339,Keene,Robelet,krobelet9e@newsvine.com,Male,213.120.121.43
340,Pam,Jaegar,pjaegar9f@etsy.com,Bigender,170.221.183.237
341,Sybila,Fretson,sfretson9g@sphinn.com,Female,247.22.109.139
342,Cory,Worssam,cworssam9h@simplemachines.org,Female,198.48.12.254
343,Carolyn,McBride,cmcbride9i@webnode.com,Female,209.221.127.158
344,Fonsie,Scotchmore,fscotchmore9j@dagondesign.com,Male,136.12.232.61
345,Nehemiah,Olander,nolander9k@ft.com,Male,199.150.241.71
346,Verge,Buckbee,vbuckbee9l@dell.com,Male,0.194.24.11
347,Florance,Rumsey,frumsey9m@wikimedia.org,Female,63.232.217.239
348,Marabel,Hubeaux,mhubeaux9n@redcross.org,Female,216.227.198.10
349,Gayelord,Lumpkin,glumpkin9o@zdnet.com,Male,15.236.187.46
350,Zitella,Izaks,zizaks9p@google.com,Female,197.241.231.251
351,Basilius,Casseldine,bcasseldine9q@icq.com,Male,36.105.8.101
352,Winnie,Derisley,wderisley9r@elegantthemes.com,Female,159.132.188.250
353,Verney,Bewshire,vbewshire9s@microsoft.com,Genderqueer,198.99.200.94
354,Mary,Rose,mrose9t@blinklist.com,Female,89.96.168.201
355,Abbie,Rontree,arontree9u@nymag.com,Male,73.111.46.88
356,Benedict,Beilby,bbeilby9v@wsj.com,Male,43.35.171.165
357,Kathleen,Shurey,kshurey9w@ucoz.ru,Female,206.209.77.121
358,Adamo,Broadnicke,abroadnicke9x@spotify.com,Male,184.99.223.28
359,Rubetta,Griffitt,rgriffitt9y@google.com.au,Female,48.43.229.196
360,Berny,Roussel,broussel9z@technorati.com,Male,75.74.141.225
361,Valentina,Mossbee,vmossbeea0@netscape.com,Female,125.21.248.225
362,Melisenda,Pettegre,mpettegrea1@fastcompany.com,Female,29.101.97.173
363,Yale,Bischop,ybischopa2@ucsd.edu,Male,35.25.215.176
364,Elbertina,McDougald,emcdougalda3@163.com,Female,244.84.69.246
365,Page,L'Hommee,plhommeea4@intel.com,Female,88.229.194.153
366,Rolf,Kuna,rkunaa5@360.cn,Agender,76.198.159.177
367,Thomasine,Poutress,tpoutressa6@reference.com,Agender,142.197.3.84
368,Marnia,Alcalde,malcaldea7@dyndns.org,Female,251.89.106.241
369,Stanislaus,Armstrong,sarmstronga8@usda.gov,Male,253.115.220.221
370,Currey,Ruger,crugera9@redcross.org,Male,73.47.66.165
371,Jay,Pearton,jpeartonaa@princeton.edu,Male,10.150.142.51
372,Cosimo,Pavkovic,cpavkovicab@google.co.uk,Male,99.26.243.127
373,Bernetta,Cowsby,bcowsbyac@lycos.com,Female,174.122.60.94
374,Damara,Cisec,dcisecad@icio.us,Female,175.178.84.70
375,Killian,Raine,kraineae@dailymotion.com,Male,211.53.91.173
376,Neda,Gobourn,ngobournaf@thetimes.co.uk,Female,75.168.125.52
377,Kriste,Glendinning,kglendinningag@house.gov,Female,139.144.158.64
378,Janaya,Wood,jwoodah@bloglines.com,Female,143.129.149.68
379,Kipp,Facer,kfacerai@dailymail.co.uk,Female,35.199.130.209
380,Kylen,Kitcatt,kkitcattaj@about.me,Female,215.173.185.70
381,Gareth,Belfrage,gbelfrageak@quantcast.com,Male,115.111.224.11
382,Mark,Gussie,mgussieal@so-net.ne.jp,Male,241.233.94.36
383,Tamas,Whodcoat,twhodcoatam@mapquest.com,Male,98.56.111.180
384,Immanuel,Drews,idrewsan@adobe.com,Polygender,164.103.187.232
385,Rica,Fermin,rferminao@newsvine.com,Female,192.60.15.33
386,Giordano,Chetter,gchetterap@ebay.com,Male,100.193.159.68
387,Colleen,Kerner,ckerneraq@dedecms.com,Female,100.118.57.104
388,Nikolaos,Hindhaugh,nhindhaughar@illinois.edu,Male,118.91.85.123
389,Theadora,Yesinin,tyesininas@newyorker.com,Polygender,25.151.212.230
390,Elly,Poncet,eponcetat@drupal.org,Female,249.83.121.44
391,Giacopo,Anthon,ganthonau@studiopress.com,Male,134.23.161.61
392,Sherlock,Sothern,ssothernav@psu.edu,Male,252.219.134.36
393,Elise,Cookney,ecookneyaw@deliciousdays.com,Female,120.218.83.35
394,Kym,Pengilly,kpengillyax@stanford.edu,Female,94.43.118.135
395,Wynnie,Chieco,wchiecoay@shutterfly.com,Female,195.14.206.253
396,Sibyl,Osant,sosantaz@mashable.com,Female,81.31.86.83
397,Julie,Enevoldsen,jenevoldsenb0@arstechnica.com,Female,26.240.32.127
398,Rickie,Lesley,rlesleyb1@soup.io,Genderfluid,194.133.26.132
399,Jill,Swannie,jswannieb2@goo.ne.jp,Female,205.94.255.33
400,Happy,Ragat,hragatb3@discovery.com,Female,156.24.34.25
401,Carrissa,Antecki,canteckib4@ovh.net,Female,183.86.105.202
402,Agnesse,Ponder,aponderb5@wsj.com,Female,33.225.92.90
403,Emmerich,Kettel,ekettelb6@meetup.com,Male,190.35.118.122
404,Vladimir,Colville,vcolvilleb7@xinhuanet.com,Male,166.34.125.249
405,Maribelle,Wayon,mwayonb8@shinystat.com,Female,159.210.243.172
406,Aylmar,Geraldi,ageraldib9@barnesandnoble.com,Male,244.189.240.50
407,Dot,Gubbin,dgubbinba@cnbc.com,Female,142.216.224.17
408,Jeremie,Kittiman,jkittimanbb@mail.ru,Male,18.29.216.170
409,Sibylla,Millimoe,smillimoebc@rakuten.co.jp,Female,234.155.105.100
410,Willie,Gatherell,wgatherellbd@com.com,Genderfluid,137.132.241.145
411,Nicolle,Goligly,ngoliglybe@sciencedirect.com,Female,163.0.143.67
412,Leonerd,Corragan,lcorraganbf@weebly.com,Bigender,250.51.118.100
413,Francois,Fausch,ffauschbg@xing.com,Male,19.8.156.216
414,Garwood,Ladloe,gladloebh@wordpress.org,Genderfluid,117.132.233.211
415,Eddy,Ortner,eortnerbi@blogger.com,Male,59.6.246.117
416,Gran,Pren,gprenbj@ucla.edu,Male,111.242.127.133
417,Antonius,Heath,aheathbk@ning.com,Male,60.243.36.131
418,Sig,Hynam,shynambl@uiuc.edu,Male,51.52.95.14
419,Gus,Mottershaw,gmottershawbm@myspace.com,Male,57.126.233.107
420,Obadias,Measham,omeashambn@wsj.com,Male,40.220.150.72
421,Raquela,Konertz,rkonertzbo@techcrunch.com,Female,113.98.96.238
422,Fanchette,Dunsire,fdunsirebp@discuz.net,Female,42.30.155.20
423,Richart,Harfoot,rharfootbq@weibo.com,Male,230.98.156.82
424,Ric,Rubega,rrubegabr@newyorker.com,Male,187.25.71.78
425,Dex,Bailie,dbailiebs@walmart.com,Male,221.5.37.2
426,Worthy,Yockney,wyockneybt@apache.org,Male,7.64.107.102
427,Stephana,Gofton,sgoftonbu@macromedia.com,Female,0.143.239.240
428,Zandra,McFetrich,zmcfetrichbv@state.gov,Female,253.53.124.54
429,Jazmin,Rofe,jrofebw@surveymonkey.com,Female,87.158.199.69
430,Selma,Cornfoot,scornfootbx@whitehouse.gov,Female,205.247.175.183
431,Gunner,Barwack,gbarwackby@usgs.gov,Male,73.197.195.207
432,Wendie,Lempke,wlempkebz@trellian.com,Female,81.105.41.39
433,Adella,Buglass,abuglassc0@ning.com,Female,86.168.118.195
434,Gabbey,Orsi,gorsic1@washingtonpost.com,Female,48.228.29.42
435,Winn,Weatherhill,wweatherhillc2@flickr.com,Male,92.43.231.115
436,Nolan,Chislett,nchislettc3@diigo.com,Polygender,157.98.122.117
437,Vidovik,Pays,vpaysc4@is.gd,Male,22.87.222.6
438,Bria,Waren,bwarenc5@businesswire.com,Female,113.141.128.246
439,Olenolin,Nettleship,onettleshipc6@joomla.org,Male,185.91.188.86
440,Ferguson,Tripet,ftripetc7@weebly.com,Male,31.65.195.124
441,Lelah,Leipold,lleipoldc8@reference.com,Female,4.175.16.8
442,Simona,Soot,ssootc9@google.ru,Female,188.122.116.238
443,Jeanie,Melsom,jmelsomca@csmonitor.com,Female,238.88.204.202
444,Sheba,Bourthoumieux,sbourthoumieuxcb@symantec.com,Female,128.19.240.236
445,Aldin,Chillcot,achillcotcc@cisco.com,Male,87.32.213.216
446,Jeremy,Bramont,jbramontcd@shinystat.com,Male,154.179.143.46
447,Gabriela,Josephsen,gjosephsence@oakley.com,Genderfluid,44.206.18.33
448,Shir,Worner,swornercf@nbcnews.com,Female,191.239.84.14
449,Ludvig,McCaighey,lmccaigheycg@addthis.com,Male,175.91.114.200
450,Dorene,Polgreen,dpolgreench@paginegialle.it,Female,151.9.172.56
451,Corette,Narbett,cnarbettci@a8.net,Female,197.146.241.178
452,Zenia,Cuddon,zcuddoncj@wisc.edu,Female,131.235.43.78
453,Cosme,Kunkler,ckunklerck@devhub.com,Male,251.187.46.251
454,Norina,Tootal,ntootalcl@dagondesign.com,Female,199.37.129.140
455,Aubrey,Widocks,awidockscm@dyndns.org,Female,4.182.114.52
456,Elihu,Caldera,ecalderacn@biblegateway.com,Male,119.196.150.57
457,Rosie,Mettetal,rmettetalco@nifty.com,Polygender,57.35.199.176
458,Tomi,Loomes,tloomescp@linkedin.com,Female,169.54.118.117
459,Blayne,Karpmann,bkarpmanncq@so-net.ne.jp,Male,80.221.7.211
460,Gregg,Hubbert,ghubbertcr@e-recht24.de,Male,62.6.161.164
461,Errick,Lawton,elawtoncs@ft.com,Male,142.178.171.134
462,Ernestus,Lampke,elampkect@ebay.co.uk,Male,204.142.139.51
463,Madalena,Willis,mwilliscu@buzzfeed.com,Female,242.75.139.228
464,Elvina,Yewman,eyewmancv@cbsnews.com,Female,255.85.87.69
465,Sholom,Letch,sletchcw@aboutads.info,Male,208.151.204.71
466,Zebedee,Edridge,zedridgecx@dell.com,Male,207.181.57.34
467,Savina,Harriman,sharrimancy@redcross.org,Genderfluid,215.122.72.29
468,Justino,Swafield,jswafieldcz@pen.io,Male,161.156.158.183
469,Morie,Adderley,madderleyd0@delicious.com,Male,214.155.229.101
470,Aveline,Vyel,avyeld1@phpbb.com,Female,69.247.89.6
471,Hadlee,Fitzsymons,hfitzsymonsd2@godaddy.com,Male,214.19.20.39
472,Karole,Coutthart,kcoutthartd3@google.ca,Female,247.252.98.8
473,Marianna,Jillis,mjillisd4@canalblog.com,Female,3.150.8.249
474,Elijah,Warboy,ewarboyd5@fc2.com,Male,104.159.68.177
475,Cosimo,Ellings,cellingsd6@wired.com,Male,27.255.115.9
476,Ethelind,Rudham,erudhamd7@harvard.edu,Female,53.81.95.146
477,Marty,Quernel,mquerneld8@gov.uk,Male,109.157.146.85
478,Stormy,Skocroft,sskocroftd9@scientificamerican.com,Polygender,168.22.124.154
479,Gibby,Colebrook,gcolebrookda@ask.com,Male,124.250.33.85
480,Merilee,Cranmor,mcranmordb@amazon.com,Female,16.173.106.66
481,Hobard,Syalvester,hsyalvesterdc@wikimedia.org,Male,106.91.34.25
482,Rowe,Emig,remigdd@apple.com,Female,58.126.159.159
483,Aviva,Malenoir,amalenoirde@oakley.com,Female,2.138.82.132
484,Dilly,Deegin,ddeegindf@wikispaces.com,Male,108.26.9.251
485,Sydney,Grigorey,sgrigoreydg@wsj.com,Male,131.86.90.119
486,Flory,Greschik,fgreschikdh@answers.com,Bigender,222.12.204.48
487,Reilly,Sangar,rsangardi@irs.gov,Male,22.222.209.53
488,Ashil,Kerrane,akerranedj@dot.gov,Female,195.22.103.142
489,Lukas,Ansty,lanstydk@biblegateway.com,Male,117.199.166.166
490,Petronille,Tomsett,ptomsettdl@walmart.com,Female,153.34.92.178
491,Tymothy,Jurs,tjursdm@wufoo.com,Genderqueer,78.163.191.96
492,Flor,Sollas,fsollasdn@reuters.com,Female,10.86.130.108
493,Marna,Lavies,mlaviesdo@facebook.com,Female,19.221.219.178
494,Humbert,Meynell,hmeynelldp@mozilla.org,Polygender,180.47.163.84
495,Richmond,Grint,rgrintdq@statcounter.com,Male,63.186.23.143
496,Kirsti,Matt,kmattdr@wikimedia.org,Female,182.201.79.139
497,Shalom,Rastrick,srastrickds@toplist.cz,Male,86.195.98.95
498,Chloe,Lovekin,clovekindt@facebook.com,Female,131.37.47.236
499,Archibaldo,Letixier,aletixierdu@fc2.com,Male,49.154.203.39
500,Barbaraanne,Vertey,bverteydv@wired.com,Female,49.135.221.237
501,Tybi,Steiner,tsteinerdw@com.com,Female,82.234.70.49
502,Cinnamon,Santacrole,csantacroledx@booking.com,Female,88.160.171.145
503,Isa,Probert,iprobertdy@addthis.com,Male,176.28.150.41
504,Petronia,Tegeller,ptegellerdz@wikimedia.org,Female,143.94.73.61
505,Kial,Lumox,klumoxe0@eventbrite.com,Female,196.112.242.251
506,Bailey,Cranfield,bcranfielde1@4shared.com,Male,151.63.198.41
507,Avigdor,Wigley,awigleye2@goodreads.com,Male,168.121.150.163
508,Sigmund,Dinnage,sdinnagee3@wsj.com,Male,145.81.246.246
509,Adams,Cassel,acassele4@smh.com.au,Male,145.23.38.187
510,Evered,Worley,eworleye5@over-blog.com,Male,237.245.80.164
511,Melvin,Messent,mmessente6@arstechnica.com,Male,175.225.230.227
512,Raine,Skitch,rskitche7@eventbrite.com,Female,37.185.195.127
513,Leeann,Langthorn,llangthorne8@ifeng.com,Female,132.220.77.215
514,Orton,Ritter,orittere9@ifeng.com,Male,9.245.82.243
515,Ashleigh,Union,aunionea@accuweather.com,Female,251.100.149.87
516,Danyette,Bernardinelli,dbernardinellieb@abc.net.au,Female,154.60.80.166
517,Farris,Tendahl,ftendahlec@geocities.jp,Male,70.114.108.106
518,Aylmar,MacGinney,amacginneyed@yelp.com,Male,185.203.167.205
519,Lilith,Bartot,lbartotee@list-manage.com,Female,72.182.91.50
520,Tersina,Huxtable,thuxtableef@flavors.me,Female,67.193.92.228
521,Gabbie,Soles,gsoleseg@howstuffworks.com,Male,198.247.228.201
522,Putnem,Firminger,pfirmingereh@angelfire.com,Male,183.69.129.254
523,Wally,Tran,wtranei@umich.edu,Female,64.24.184.43
524,Ashien,Senyard,asenyardej@state.gov,Female,177.204.67.238
525,Hervey,Dymick,hdymickek@gnu.org,Male,96.70.113.19
526,Dicky,Bremmell,dbremmellel@imgur.com,Male,202.57.188.9
527,Charyl,Bartholomieu,cbartholomieuem@addtoany.com,Female,73.213.55.100
528,Zebedee,Medina,zmedinaen@1688.com,Male,194.122.78.34
529,Urbano,Bernocchi,ubernocchieo@alibaba.com,Male,176.220.11.140
530,Cece,Jeanet,cjeanetep@nyu.edu,Male,192.118.16.110
531,Ebenezer,Woodman,ewoodmaneq@unesco.org,Male,230.30.165.61
532,Cristionna,Spurway,cspurwayer@angelfire.com,Female,95.20.43.99
533,Catharina,Dallender,cdallenderes@ask.com,Female,79.251.19.106
534,Whitman,Lacotte,wlacotteet@google.co.jp,Male,225.187.254.133
535,Ingrim,Rayworth,iraywortheu@google.co.jp,Male,238.88.147.174
536,Deerdre,Hassard,dhassardev@tmall.com,Female,13.36.132.127
537,Sly,Sargant,ssargantew@microsoft.com,Male,145.70.79.150
538,Ikey,Joska,ijoskaex@seesaa.net,Male,210.96.226.126
539,Lia,Binney,lbinneyey@yandex.ru,Female,178.193.12.68
540,Lusa,MacCafferky,lmaccafferkyez@taobao.com,Female,157.176.54.203
541,Larine,Preece,lpreecef0@istockphoto.com,Female,204.228.170.191
542,Maddie,Bredee,mbredeef1@newsvine.com,Female,217.48.138.6
543,Roma,Viggers,rviggersf2@nasa.gov,Male,95.197.215.75
544,Kellen,Inskipp,kinskippf3@howstuffworks.com,Male,190.242.162.73
545,Jonah,Steers,jsteersf4@cbc.ca,Male,210.83.86.12
546,Andreana,Hinzer,ahinzerf5@cnet.com,Female,33.30.14.245
547,Marlin,Scardefield,mscardefieldf6@diigo.com,Male,254.159.94.137
548,Lorette,Temporal,ltemporalf7@who.int,Female,136.57.93.180
549,Bobette,Fairrie,bfairrief8@marriott.com,Female,142.57.12.156
550,Krystyna,Felton,kfeltonf9@msn.com,Female,49.178.118.224
551,Ingeborg,Barkes,ibarkesfa@blogger.com,Female,74.129.254.127
552,Lazaro,Draisey,ldraiseyfb@squidoo.com,Male,72.175.65.231
553,Richy,Vakhlov,rvakhlovfc@bravesites.com,Male,126.76.47.218
554,Merilyn,Berrie,mberriefd@posterous.com,Female,13.153.166.167
555,Johnny,Duxfield,jduxfieldfe@dailymail.co.uk,Genderqueer,176.230.132.19
556,Price,Rowden,prowdenff@nasa.gov,Male,51.87.140.154
557,Adler,Bassett,abassettfg@redcross.org,Male,219.94.233.115
558,Pietro,Aspinwall,paspinwallfh@slate.com,Male,200.46.41.34
559,Mae,Normanvell,mnormanvellfi@geocities.jp,Genderqueer,174.2.5.169
560,Trumaine,Penley,tpenleyfj@g.co,Male,11.164.13.229
561,Philis,Birk,pbirkfk@sina.com.cn,Female,200.163.229.47
562,Niel,Stowgill,nstowgillfl@jugem.jp,Male,184.96.16.143
563,Yurik,Kubacek,ykubacekfm@nyu.edu,Male,28.140.97.77
564,Ernie,Drury,edruryfn@123-reg.co.uk,Agender,83.184.255.26
565,Fidelio,Pumfrett,fpumfrettfo@yandex.ru,Genderfluid,32.106.184.147
566,Moina,Errigo,merrigofp@cmu.edu,Female,76.201.238.7
567,Sigismundo,Beernaert,sbeernaertfq@ed.gov,Male,31.158.104.236
568,Lacee,Gilli,lgillifr@admin.ch,Female,22.114.132.51
569,Amory,Smolan,asmolanfs@vinaora.com,Genderfluid,170.247.4.155
570,Farly,Challender,fchallenderft@cmu.edu,Male,20.105.229.89
571,Sissie,Timson,stimsonfu@narod.ru,Female,163.110.185.125
572,Andras,Nund,anundfv@g.co,Male,101.48.159.72
573,Rabbi,Milland,rmillandfw@quantcast.com,Male,251.82.223.60
574,Worthington,Howsden,whowsdenfx@friendfeed.com,Male,209.132.122.156
575,Burch,Tummond,btummondfy@icq.com,Male,55.60.238.165
576,Fleming,Jakovijevic,fjakovijevicfz@goo.ne.jp,Male,160.121.135.176
577,Shauna,Iwanowski,siwanowskig0@multiply.com,Female,133.132.103.76
578,Saree,McGraffin,smcgraffing1@omniture.com,Genderfluid,218.100.21.200
579,Skip,Frany,sfranyg2@technorati.com,Male,31.197.172.248
580,Gilberto,Dongles,gdonglesg3@illinois.edu,Male,217.68.45.179
581,Marlin,Ruckman,mruckmang4@xrea.com,Male,116.147.50.94
582,Ave,Rhodes,arhodesg5@edublogs.org,Male,221.113.86.99
583,Willis,Hehnke,whehnkeg6@rediff.com,Male,102.146.115.20
584,Alister,Longmate,alongmateg7@bloomberg.com,Male,126.249.133.83
585,Anica,Scott,ascottg8@jigsy.com,Female,233.28.133.186
586,Andras,Carah,acarahg9@sciencedaily.com,Male,83.16.217.191
587,Jillane,Garner,jgarnerga@chronoengine.com,Female,144.141.0.66
588,Ugo,Iston,uistongb@symantec.com,Genderfluid,150.147.210.119
589,Constantine,Measor,cmeasorgc@prnewswire.com,Male,66.79.244.17
590,Boony,Pautard,bpautardgd@addthis.com,Male,160.226.3.160
591,Osbourn,Bogaert,obogaertge@tamu.edu,Male,152.176.230.101
592,Ainsley,Bruty,abrutygf@yahoo.co.jp,Female,215.146.153.40
593,Monroe,Barends,mbarendsgg@pbs.org,Male,63.45.128.217
594,Thayne,Ohanessian,tohanessiangh@rambler.ru,Male,138.1.63.170
595,Web,Trownson,wtrownsongi@g.co,Male,202.206.224.39
596,Bendix,Vinker,bvinkergj@exblog.jp,Male,100.11.110.153
597,Carson,Augur,caugurgk@behance.net,Male,20.229.173.64
598,Klaus,Povey,kpoveygl@narod.ru,Male,72.106.167.67
599,Waylon,Dunley,wdunleygm@newyorker.com,Male,124.168.10.208
600,Raven,Maasz,rmaaszgn@eventbrite.com,Female,145.47.216.73
601,Claybourne,MacLoughlin,cmacloughlingo@cisco.com,Male,195.79.237.60
602,Janeta,Minero,jminerogp@sun.com,Female,152.171.210.96
603,Silvana,Le Merchant,slemerchantgq@ask.com,Female,57.41.78.94
604,Tallie,Nockalls,tnockallsgr@sitemeter.com,Male,192.107.112.205
605,Kissiah,Clague,kclaguegs@mediafire.com,Genderqueer,159.84.37.174
606,Dion,Patterfield,dpatterfieldgt@columbia.edu,Female,198.221.122.93
607,Dilly,Yakunin,dyakuningu@webs.com,Male,170.253.171.185
608,Abe,Antao,aantaogv@aol.com,Male,225.18.54.108
609,Madison,Hepher,mhephergw@mysql.com,Genderqueer,159.146.160.131
610,Gawen,McIlwain,gmcilwaingx@nyu.edu,Male,136.248.38.229
611,Perla,Ixor,pixorgy@google.cn,Female,80.71.40.186
612,Analiese,Ballach,aballachgz@php.net,Female,100.193.201.239
613,Ranee,Hause,rhauseh0@sitemeter.com,Female,88.157.93.144
614,Beatrix,Stammler,bstammlerh1@dell.com,Female,191.37.52.235
615,Fernando,Margery,fmargeryh2@apple.com,Male,151.218.29.95
616,Adam,Lancetter,alancetterh3@phpbb.com,Genderqueer,57.116.49.134
617,Maurits,Collicott,mcollicotth4@quantcast.com,Male,107.33.146.254
618,Alard,Yellowlees,ayellowleesh5@hatena.ne.jp,Male,224.6.124.166
619,Maridel,Riddich,mriddichh6@hugedomains.com,Female,93.220.39.97
620,Alida,McAllen,amcallenh7@webs.com,Female,69.159.0.214
621,Briggs,Ling,blingh8@dyndns.org,Male,184.37.5.170
622,Anthony,Peak,apeakh9@hao123.com,Male,116.97.9.25
623,Chet,Warlton,cwarltonha@paypal.com,Male,216.252.99.244
624,Shem,Bamforth,sbamforthhb@slate.com,Male,241.209.82.227
625,Adrianna,Crannell,acrannellhc@blogger.com,Female,160.211.200.73
626,Ronni,Exon,rexonhd@a8.net,Female,177.166.183.4
627,Perice,McLeoid,pmcleoidhe@myspace.com,Male,177.178.114.252
628,Erin,Seavers,eseavershf@ask.com,Male,253.161.117.144
629,Barn,Ketley,bketleyhg@yandex.ru,Male,127.250.232.156
630,Grover,Mustoe,gmustoehh@tripod.com,Male,157.254.251.183
631,Nevile,Dict,ndicthi@zimbio.com,Male,247.211.23.63
632,Ilyse,McBoyle,imcboylehj@squidoo.com,Female,231.139.165.216
633,Ivar,Moneti,imonetihk@weather.com,Male,195.93.187.85
634,Traver,Dudny,tdudnyhl@webmd.com,Male,66.132.246.106
635,Ciro,Delue,cdeluehm@360.cn,Male,63.162.254.191
636,Stacee,Lintin,slintinhn@about.me,Female,251.120.170.164
637,Hanna,Valintine,hvalintineho@umich.edu,Female,44.37.132.84
638,Blake,Sterricker,bsterrickerhp@tamu.edu,Bigender,208.72.196.218
639,Mart,Bryden,mbrydenhq@sohu.com,Male,85.11.244.86
640,Aileen,Coles,acoleshr@toplist.cz,Female,231.89.169.32
641,Kinna,Cogger,kcoggerhs@techcrunch.com,Female,125.252.90.247
642,Bunni,Stallwood,bstallwoodht@moonfruit.com,Female,127.154.7.184
643,Vanda,Berston,vberstonhu@woothemes.com,Female,12.37.221.117
644,Leslie,Privett,lprivetthv@dmoz.org,Male,2.173.48.126
645,Pall,Bartot,pbartothw@rakuten.co.jp,Male,163.75.51.16
646,Shell,Quadling,squadlinghx@usatoday.com,Female,156.89.130.18
647,Rainer,Jedras,rjedrashy@latimes.com,Male,99.104.13.198
648,Emmalynn,Eskrigg,eeskrigghz@instagram.com,Female,166.149.177.116
649,Bert,Kollasch,bkollaschi0@google.ca,Male,107.63.108.156
650,Genovera,Guidoni,gguidonii1@mozilla.com,Female,181.160.7.0
651,Sybyl,Kwietak,skwietaki2@tumblr.com,Female,168.11.140.40
652,Otes,Giabuzzi,ogiabuzzii3@csmonitor.com,Male,43.146.101.5
653,Alyce,Casol,acasoli4@sun.com,Female,190.82.252.235
654,Reena,Kinvan,rkinvani5@webs.com,Female,219.183.147.142
655,Tyrus,Van der Kruijs,tvanderkruijsi6@weebly.com,Male,104.92.52.103
656,Marika,Dumingos,mdumingosi7@digg.com,Non-binary,173.159.134.138
657,Wandis,Danilovich,wdanilovichi8@simplemachines.org,Female,180.41.13.12
658,Davy,Folley,dfolleyi9@cam.ac.uk,Male,64.171.55.163
659,Kyle,Seabridge,kseabridgeia@blogger.com,Male,156.67.212.40
660,Bethina,Tick,btickib@angelfire.com,Female,240.151.200.222
661,Appolonia,Snowding,asnowdingic@amazon.co.jp,Female,34.147.229.209
662,El,Alexsandrovich,ealexsandrovichid@admin.ch,Male,131.74.23.218
663,Patti,Rime,primeie@symantec.com,Female,157.56.108.48
664,Ely,Norcross,enorcrossif@t-online.de,Male,183.70.62.220
665,Darsie,Seak,dseakig@wunderground.com,Genderqueer,36.12.189.56
666,Sabine,Crookshank,scrookshankih@paginegialle.it,Genderqueer,159.232.138.156
667,Cordelia,Pallister,cpallisterii@ocn.ne.jp,Female,148.63.17.182
668,Kipp,Lardiner,klardinerij@cnbc.com,Male,18.113.87.138
669,Manon,Biddle,mbiddleik@sun.com,Female,237.17.2.84
670,Rivy,Macias,rmaciasil@wunderground.com,Female,228.208.101.206
671,Cece,Eberst,ceberstim@cnn.com,Male,148.175.137.171
672,Freeland,Pomroy,fpomroyin@vistaprint.com,Male,103.228.222.167
673,Neville,Tabbernor,ntabbernorio@amazon.co.jp,Male,146.35.185.198
674,Jordan,Ossipenko,jossipenkoip@elpais.com,Male,145.30.20.23
675,Wini,Millard,wmillardiq@marketwatch.com,Female,203.69.72.224
676,Dacy,Garmon,dgarmonir@washington.edu,Female,216.191.18.35
677,Cozmo,Beckmann,cbeckmannis@dell.com,Genderfluid,138.22.6.41
678,Celestia,Island,cislandit@wired.com,Female,233.140.169.104
679,Sissie,Scouler,sscouleriu@uol.com.br,Female,221.221.13.110
680,Violante,Chucks,vchucksiv@tripod.com,Female,75.205.18.16
681,Tobin,Akram,takramiw@rambler.ru,Male,199.8.207.120
682,Rica,O' Hanvey,rohanveyix@springer.com,Female,76.251.221.112
683,Decca,Poe,dpoeiy@indiegogo.com,Male,191.87.135.217
684,Gert,Edmead,gedmeadiz@nih.gov,Female,153.101.135.62
685,Noel,Orme,normej0@uol.com.br,Polygender,8.103.131.114
686,Felicle,Rayhill,frayhillj1@themeforest.net,Female,78.213.183.102
687,Amelia,Cordery,acorderyj2@csmonitor.com,Female,152.100.4.151
688,Lorrin,McRamsey,lmcramseyj3@icq.com,Female,235.42.96.44
689,Teressa,Dumingos,tdumingosj4@yale.edu,Female,128.174.227.76
690,Aura,Gauthorpp,agauthorppj5@wsj.com,Female,103.38.226.200
691,Whit,Daniele,wdanielej6@wikipedia.org,Male,228.175.56.60
692,Dorine,Possell,dpossellj7@xing.com,Bigender,115.164.21.188
693,Curtice,Gumme,cgummej8@theatlantic.com,Male,180.77.185.239
694,Penelope,Bilton,pbiltonj9@wordpress.com,Female,244.30.6.5
695,Dorolice,Haskett,dhaskettja@noaa.gov,Female,101.210.240.99
696,Maritsa,O' Faherty,mofahertyjb@utexas.edu,Female,248.66.247.10
697,Golda,Russe,grussejc@usnews.com,Female,24.145.0.54
698,Mirelle,Grimsell,mgrimselljd@princeton.edu,Female,234.192.88.143
699,Joanie,Childers,jchildersje@slate.com,Genderfluid,147.199.166.46
700,Trix,Bowditch,tbowditchjf@w3.org,Female,216.94.105.143
701,Dahlia,Bartleman,dbartlemanjg@discovery.com,Female,173.55.146.227
702,Neale,Havile,nhavilejh@sakura.ne.jp,Male,77.102.242.171
703,Marlowe,Westmore,mwestmoreji@ameblo.jp,Male,72.177.248.171
704,Lew,Gibson,lgibsonjj@sciencedirect.com,Male,103.223.84.120
705,Julee,Benoit,jbenoitjk@blogs.com,Female,111.75.4.176
706,Lind,Ridehalgh,lridehalghjl@indiatimes.com,Male,64.44.247.144
707,Shirleen,Fawley,sfawleyjm@npr.org,Female,85.62.20.72
708,Wilfrid,St. Queintain,wstqueintainjn@ed.gov,Male,171.216.174.24
709,Roddie,Andrioletti,randriolettijo@amazon.co.uk,Male,254.58.232.16
710,Gardie,Breslane,gbreslanejp@wikispaces.com,Male,99.126.60.97
711,Laura,Nolder,lnolderjq@google.cn,Female,76.75.234.130
712,Vladimir,Walsh,vwalshjr@google.cn,Male,7.104.168.117
713,Rose,Isacoff,risacoffjs@miitbeian.gov.cn,Female,96.24.45.148
714,Tresa,Begin,tbeginjt@cnbc.com,Female,219.224.248.7
715,Erminia,Rand,erandju@wp.com,Female,2.215.93.103
716,Carina,Jasiak,cjasiakjv@fda.gov,Female,166.19.163.123
717,Raynor,Shegog,rshegogjw@github.com,Male,26.39.54.87
718,Arlinda,Macro,amacrojx@hugedomains.com,Female,187.82.179.173
719,Elvera,Malatalant,emalatalantjy@disqus.com,Female,121.71.199.106
720,Kalie,Jumeau,kjumeaujz@hugedomains.com,Female,44.178.105.183
721,Nannette,Critoph,ncritophk0@squidoo.com,Female,114.27.206.171
722,Charmaine,Darey,cdareyk1@independent.co.uk,Female,81.98.220.157
723,Levi,Blampey,lblampeyk2@yale.edu,Male,70.54.2.82
724,Ede,Benford,ebenfordk3@state.tx.us,Female,193.175.68.147
725,Riane,Shearsby,rshearsbyk4@nationalgeographic.com,Female,198.144.204.142
726,Daven,Donaho,ddonahok5@theatlantic.com,Male,169.187.38.138
727,Demott,Stote,dstotek6@paypal.com,Male,250.35.1.153
728,Niel,Siemons,nsiemonsk7@sogou.com,Male,212.231.112.131
729,Pacorro,Aizic,paizick8@surveymonkey.com,Male,186.236.16.207
730,Georgina,Sambals,gsambalsk9@dmoz.org,Female,184.81.41.110
731,Sawyere,Sally,ssallyka@omniture.com,Male,98.84.254.0
732,Sander,Diess,sdiesskb@technorati.com,Male,116.51.197.166
733,Lucille,Dundon,ldundonkc@reuters.com,Female,124.1.249.154
734,Korella,Lilleyman,klilleymankd@wunderground.com,Bigender,25.118.110.83
735,Augustine,Patmore,apatmoreke@google.cn,Non-binary,225.26.90.120
736,Hurleigh,Galliford,hgallifordkf@adobe.com,Male,2.217.1.231
737,Nike,Rothman,nrothmankg@hostgator.com,Female,94.14.234.111
738,Starla,Pechold,specholdkh@sohu.com,Female,86.186.175.98
739,Vivianna,Pickles,vpickleski@4shared.com,Female,208.17.252.112
740,Carlyle,Flatte,cflattekj@illinois.edu,Male,128.148.62.204
741,Meryl,Birdall,mbirdallkk@wordpress.org,Female,199.87.61.135
742,Eolanda,Peggrem,epeggremkl@engadget.com,Non-binary,95.58.164.160
743,Mariellen,Atrill,matrillkm@google.co.jp,Female,92.56.102.167
744,Ingelbert,Benmore,ibenmorekn@networksolutions.com,Male,101.83.98.141
745,Gui,Roly,grolyko@artisteer.com,Female,244.177.2.120
746,Brewer,Lockie,blockiekp@baidu.com,Male,213.197.245.40
747,Tracie,Nollet,tnolletkq@ucsd.edu,Female,186.226.100.139
748,Michelina,Culley,mculleykr@jimdo.com,Genderfluid,116.131.251.110
749,Vivia,Manshaw,vmanshawks@plala.or.jp,Female,150.82.38.49
750,Culley,Boutcher,cboutcherkt@is.gd,Male,81.188.183.118
751,Randy,Gomby,rgombyku@who.int,Male,79.242.222.238
752,Kenna,Corp,kcorpkv@scientificamerican.com,Female,62.110.51.25
753,Reynold,Rodmell,rrodmellkw@sina.com.cn,Male,107.160.123.242
754,Sammy,Blincow,sblincowkx@amazon.co.jp,Male,227.47.38.213
755,Kevyn,Dawtre,kdawtreky@blog.com,Female,195.199.181.174
756,Tybie,Jojic,tjojickz@eventbrite.com,Female,167.67.72.129
757,Beatrisa,Greetland,bgreetlandl0@hhs.gov,Female,244.12.142.118
758,Oona,William,owilliaml1@chronoengine.com,Female,198.233.27.193
759,Philomena,Klossek,pklossekl2@google.fr,Female,84.246.78.232
760,Syman,Housbie,shousbiel3@utexas.edu,Male,70.14.88.233
761,Yankee,Medlen,ymedlenl4@cnbc.com,Male,73.119.249.34
762,Lianna,Douthwaite,ldouthwaitel5@ehow.com,Non-binary,35.70.120.138
763,Jacynth,Bamsey,jbamseyl6@jiathis.com,Female,241.115.103.38
764,Martynne,Nattriss,mnattrissl7@cbc.ca,Female,29.228.237.172
765,Mack,Ballefant,mballefantl8@about.me,Male,151.134.57.18
766,Edmund,Pfeffle,epfefflel9@usda.gov,Genderqueer,50.23.149.68
767,Gawen,Fursey,gfurseyla@taobao.com,Male,145.228.213.181
768,Zia,Sharland,zsharlandlb@g.co,Female,177.155.220.196
769,Katina,Lothlorien,klothlorienlc@t.co,Female,189.254.181.186
770,Dalia,Curthoys,dcurthoysld@bing.com,Female,253.247.213.78
771,Abram,Chilton,achiltonle@businessinsider.com,Male,149.206.134.5
772,Hieronymus,Shanklin,hshanklinlf@prnewswire.com,Male,139.126.186.74
773,Babita,Dundredge,bdundredgelg@prweb.com,Female,181.157.134.20
774,Eva,Tuohy,etuohylh@harvard.edu,Female,47.80.216.95
775,Harland,Shorthill,hshorthillli@microsoft.com,Male,72.143.89.205
776,Gusti,Jardin,gjardinlj@flavors.me,Female,54.40.72.240
777,Garv,Prater,gpraterlk@mayoclinic.com,Male,195.189.93.55
778,Robb,Pietrowicz,rpietrowiczll@wix.com,Male,97.119.148.102
779,Shermy,Obern,sobernlm@discuz.net,Male,189.117.96.119
780,Trula,Bidewell,tbidewellln@wp.com,Female,54.2.30.24
781,Cass,Dudley,cdudleylo@mit.edu,Female,216.92.163.56
782,Murdoch,Piner,mpinerlp@archive.org,Genderqueer,182.188.191.170
783,Garrott,Capper,gcapperlq@vimeo.com,Male,215.217.235.248
784,Giacobo,Jachtym,gjachtymlr@fda.gov,Male,236.184.175.217
785,Nerte,Barneveld,nbarneveldls@disqus.com,Female,200.79.17.16
786,Skyler,Rivaland,srivalandlt@webs.com,Male,236.39.210.205
787,Mano,Harwin,mharwinlu@cloudflare.com,Male,202.0.63.223
788,Sarajane,Rosoni,srosonilv@apple.com,Female,83.156.151.181
789,Davida,Prendeville,dprendevillelw@goodreads.com,Female,149.185.1.165
790,Chen,Gaynor,cgaynorlx@addtoany.com,Male,207.129.189.58
791,Marilee,Ackroyd,mackroydly@paginegialle.it,Female,103.157.22.177
792,Brana,Trubshaw,btrubshawlz@pen.io,Female,56.209.37.9
793,Marisa,Rattery,mratterym0@nsw.gov.au,Female,45.246.77.224
794,Sanford,Vamplew,svamplewm1@indiatimes.com,Male,193.16.138.200
795,Sissy,Crosher,scrosherm2@bandcamp.com,Female,190.223.228.55
796,Tynan,Tapper,ttapperm3@icq.com,Male,164.244.69.217
797,Lance,Shirland,lshirlandm4@google.nl,Male,71.43.15.254
798,Halsey,Offner,hoffnerm5@meetup.com,Male,212.34.250.90
799,Krystal,Cosgreave,kcosgreavem6@bing.com,Female,81.126.87.203
800,Emmaline,Gagg,egaggm7@tmall.com,Polygender,78.229.27.148
801,Ellary,Bythway,ebythwaym8@umn.edu,Male,73.12.128.181
802,Mavra,Hargroves,mhargrovesm9@hubpages.com,Female,5.227.161.73
803,Lauree,Tomkins,ltomkinsma@bizjournals.com,Polygender,81.145.228.57
804,Dale,Lernihan,dlernihanmb@ustream.tv,Genderfluid,82.21.247.23
805,Janeen,Beauman,jbeaumanmc@sohu.com,Female,212.64.68.121
806,Cinnamon,Charity,ccharitymd@bravesites.com,Female,181.244.118.174
807,Rikki,Gartrell,rgartrellme@cocolog-nifty.com,Female,240.77.45.139
808,Vinny,Shay,vshaymf@amazon.de,Female,23.3.231.30
809,Loretta,Livock,llivockmg@yahoo.com,Female,185.240.69.216
810,Sheila-kathryn,Malafe,smalafemh@sun.com,Female,102.240.83.59
811,Maje,Laweles,mlawelesmi@nationalgeographic.com,Male,43.203.207.12
812,Spense,Agostini,sagostinimj@ca.gov,Male,7.149.96.69
813,Audrye,Loines,aloinesmk@sitemeter.com,Female,236.93.195.120
814,Susi,Chritchley,schritchleyml@economist.com,Female,201.7.224.98
815,Helli,Jeanin,hjeaninmm@gravatar.com,Female,133.255.90.159
816,Dione,Timbridge,dtimbridgemn@com.com,Genderqueer,167.53.90.144
817,Danell,Penrice,dpenricemo@fda.gov,Female,213.40.39.144
818,Dasha,Oertzen,doertzenmp@blinklist.com,Female,14.140.28.118
819,Jervis,Greenard,jgreenardmq@tuttocitta.it,Male,89.66.101.122
820,Tedra,Duchenne,tduchennemr@facebook.com,Female,137.219.241.154
821,Isaak,Yeulet,iyeuletms@harvard.edu,Male,42.204.143.15
822,Ase,Tattershaw,atattershawmt@nih.gov,Male,34.246.127.23
823,Mabel,Coats,mcoatsmu@google.com.hk,Female,39.68.134.137
824,Con,McGeffen,cmcgeffenmv@narod.ru,Male,212.155.225.18
825,Hester,Grinley,hgrinleymw@cloudflare.com,Female,171.62.39.212
826,Susannah,Ownsworth,sownsworthmx@noaa.gov,Female,161.69.29.71
827,Sisely,Dunk,sdunkmy@liveinternet.ru,Genderfluid,34.143.17.171
828,Lorilyn,Ginie,lginiemz@topsy.com,Female,87.33.126.252
829,Daveen,Bontine,dbontinen0@prweb.com,Female,239.250.160.101
830,Devondra,Ingleton,dingletonn1@blog.com,Female,46.35.4.125
831,Olivero,Bartelot,obartelotn2@globo.com,Male,202.70.77.42
832,Cheslie,Emma,cemman3@bandcamp.com,Female,62.115.18.36
833,Jay,Stennard,jstennardn4@1und1.de,Male,160.74.216.84
834,Cathie,Vasnev,cvasnevn5@ed.gov,Female,92.248.236.131
835,Sheelagh,Stidson,sstidsonn6@freewebs.com,Female,78.94.212.168
836,Porty,Barck,pbarckn7@istockphoto.com,Male,221.198.220.187
837,Shannan,Oldrey,soldreyn8@biglobe.ne.jp,Male,183.66.76.105
838,Stirling,Train,strainn9@opensource.org,Male,118.135.118.205
839,Derward,Allard,dallardna@infoseek.co.jp,Male,93.166.243.155
840,Cynde,Brandenburg,cbrandenburgnb@salon.com,Female,231.192.64.146
841,Mickie,Levesque,mlevesquenc@storify.com,Male,243.214.110.140
842,Yurik,Moakes,ymoakesnd@themeforest.net,Male,158.229.108.118
843,Gwen,Kirby,gkirbyne@blinklist.com,Female,12.143.69.222
844,Terrie,Held,theldnf@scientificamerican.com,Female,76.121.187.145
845,Quinlan,Aiers,qaiersng@dell.com,Male,11.64.160.219
846,Hermina,Ughi,hughinh@opensource.org,Agender,63.167.81.5
847,Ugo,Tschierasche,utschierascheni@tuttocitta.it,Male,203.9.1.250
848,Deloris,Raffels,draffelsnj@wikia.com,Female,220.203.147.138
849,Allistir,Alen,aalennk@umn.edu,Male,95.245.175.96
850,Kirby,Caslane,kcaslanenl@vk.com,Male,218.127.33.172
851,Amye,Chappelow,achappelownm@ovh.net,Female,179.174.44.213
852,Julietta,Krook,jkrooknn@nasa.gov,Female,66.175.159.24
853,Sauncho,Pender,spenderno@addthis.com,Male,129.159.119.160
854,Louella,Yesson,lyessonnp@behance.net,Polygender,190.51.53.116
855,Karon,Varker,kvarkernq@ca.gov,Female,211.52.192.206
856,Burtie,Ashman,bashmannr@geocities.com,Agender,237.232.187.253
857,Sidonnie,Vasyutin,svasyutinns@ovh.net,Female,38.237.46.93
858,Jerrine,Theurer,jtheurernt@free.fr,Female,231.104.218.214
859,Raddie,Cornbill,rcornbillnu@ameblo.jp,Male,72.131.16.235
860,Lorettalorna,Dudhill,ldudhillnv@fda.gov,Bigender,253.61.183.160
861,Baxy,Chastney,bchastneynw@cdc.gov,Male,213.253.53.41
862,Dalenna,Aris,darisnx@princeton.edu,Female,133.40.217.119
863,Cora,Kittless,ckittlessny@instagram.com,Female,59.57.119.174
864,Cary,McKinlay,cmckinlaynz@webs.com,Male,225.106.255.34
865,Martyn,Golds,mgoldso0@ed.gov,Male,106.170.138.196
866,Elwood,Clementson,eclementsono1@i2i.jp,Polygender,255.13.54.188
867,Aylmer,Gorges,agorgeso2@example.com,Male,76.94.156.166
868,Didi,Barosch,dbaroscho3@wordpress.org,Bigender,25.72.67.239
869,Bradley,Chiddy,bchiddyo4@smugmug.com,Male,15.206.102.12
870,Gaylene,Honeyghan,ghoneyghano5@elpais.com,Female,243.199.132.98
871,Erminie,Yaakov,eyaakovo6@addtoany.com,Female,130.245.91.33
872,Justus,Lorenzo,jlorenzoo7@webnode.com,Male,228.79.141.49
873,Amandy,Mapholm,amapholmo8@t-online.de,Female,169.138.8.243
874,Tabitha,Kenwright,tkenwrighto9@yelp.com,Female,58.121.139.178
875,Emilia,Felgate,efelgateoa@yale.edu,Female,250.41.139.95
876,Roderic,Hartopp,rhartoppob@geocities.com,Male,33.88.224.108
877,Peyton,Croal,pcroaloc@behance.net,Male,122.41.53.92
878,Germaine,Burgill,gburgillod@weebly.com,Female,211.241.164.203
879,Reyna,Arkill,rarkilloe@theguardian.com,Female,179.105.35.34
880,Carlo,Pimblett,cpimblettof@github.io,Male,229.111.147.183
881,Claus,Lyster,clysterog@usda.gov,Male,57.150.159.248
882,Clarisse,Bunker,cbunkeroh@indiatimes.com,Female,85.221.101.201
883,Darren,Rook,drookoi@4shared.com,Male,2.36.180.182
884,Aggi,MacNeil,amacneiloj@dailymail.co.uk,Genderfluid,247.229.223.66
885,Keen,Powderham,kpowderhamok@bbc.co.uk,Male,215.154.252.85
886,Regan,Bootland,rbootlandol@netlog.com,Male,5.231.18.120
887,Jesus,Lomath,jlomathom@com.com,Male,219.230.116.71
888,Jacenta,Bewicke,jbewickeon@soup.io,Female,55.225.70.186
889,Jennee,O Sullivan,josullivanoo@marriott.com,Female,160.242.31.161
890,Jody,Duffyn,jduffynop@cafepress.com,Genderqueer,155.248.56.185
891,Ly,Swoffer,lswofferoq@accuweather.com,Male,175.100.254.53
892,Roddy,Laurand,rlaurandor@dot.gov,Male,161.75.122.204
893,Pamelina,Prebble,pprebbleos@icq.com,Female,41.175.47.37
894,Jerald,Hurdman,jhurdmanot@wordpress.org,Male,101.31.121.237
895,Maddie,Babe,mbabeou@rambler.ru,Genderqueer,164.173.152.135
896,Odelia,Hayer,ohayerov@canalblog.com,Female,14.120.89.6
897,Winnie,Durrett,wdurrettow@ucla.edu,Female,84.219.190.100
898,Trevor,Brisard,tbrisardox@multiply.com,Male,124.10.37.126
899,Tris,Cusick,tcusickoy@opera.com,Male,167.24.193.60
900,Isabelle,McAlroy,imcalroyoz@arstechnica.com,Bigender,49.52.115.137
901,Hewie,Barcroft,hbarcroftp0@tiny.cc,Male,103.132.12.60
902,Cecil,Kaysor,ckaysorp1@reference.com,Female,187.132.91.223
903,Nita,Quibell,nquibellp2@amazon.com,Female,222.147.155.64
904,Clay,Paolucci,cpaoluccip3@time.com,Male,91.162.140.16
905,Arturo,McKeown,amckeownp4@redcross.org,Male,52.83.191.24
906,Phylis,Van Castele,pvancastelep5@nytimes.com,Female,137.92.62.61
907,Nathanael,Worthing,nworthingp6@eepurl.com,Male,82.62.77.253
908,Jewelle,Skitral,jskitralp7@youtube.com,Female,250.49.40.65
909,Bendicty,Thieme,bthiemep8@ted.com,Male,111.189.225.200
910,Tommy,Fabbro,tfabbrop9@washingtonpost.com,Female,4.157.176.105
911,Noel,Sermin,nserminpa@boston.com,Female,10.76.103.64
912,Leonidas,Bussell,lbussellpb@alexa.com,Male,142.238.108.26
913,Jobyna,Pearcey,jpearceypc@samsung.com,Female,56.64.148.69
914,Barnard,Reis,breispd@boston.com,Male,194.148.4.143
915,Meridel,Peerless,mpeerlesspe@unicef.org,Female,17.109.198.229
916,Mano,Dagwell,mdagwellpf@uiuc.edu,Male,44.133.78.204
917,Mattie,Killen,mkillenpg@webs.com,Female,131.40.209.199
918,Carol,Mathissen,cmathissenph@hud.gov,Female,206.134.250.185
919,Mannie,Dally,mdallypi@ezinearticles.com,Male,47.91.248.102
920,Rea,Hensmans,rhensmanspj@dot.gov,Female,225.103.231.183
921,Sherwood,Boyde,sboydepk@typepad.com,Agender,106.163.128.159
922,Winona,Pechard,wpechardpl@github.io,Female,117.131.44.59
923,Golda,Durbin,gdurbinpm@sina.com.cn,Female,75.239.190.156
924,Bradford,Beddingham,bbeddinghampn@google.cn,Male,74.44.139.91
925,Minne,Sillis,msillispo@oakley.com,Female,91.136.39.46
926,Clotilda,de Clerk,cdeclerkpp@infoseek.co.jp,Genderfluid,142.150.35.141
927,Kelsey,Perry,kperrypq@exblog.jp,Male,148.199.86.225
928,Cody,Mose,cmosepr@europa.eu,Female,6.28.195.29
929,Brittni,Kohneke,bkohnekeps@ibm.com,Female,34.118.5.127
930,Chastity,Dolan,cdolanpt@ustream.tv,Female,121.245.207.183
931,Evvy,Hawkswood,ehawkswoodpu@amazon.de,Female,159.150.161.24
932,Brennan,Broxap,bbroxappv@amazon.de,Male,171.128.57.103
933,Pyotr,Darrow,pdarrowpw@paypal.com,Male,129.217.239.4
934,Kellsie,Thexton,kthextonpx@booking.com,Female,230.198.27.227
935,Ellie,Ianne,eiannepy@sciencedaily.com,Female,194.122.141.165
936,Herrick,Boyles,hboylespz@hao123.com,Male,61.106.137.142
937,Annabela,Jelliman,ajellimanq0@xing.com,Agender,111.16.71.222
938,Markus,Raunds,mraundsq1@creativecommons.org,Male,94.244.246.21
939,Nathan,Rentilll,nrentilllq2@baidu.com,Genderfluid,69.98.246.28
940,Lizzy,Kubacki,lkubackiq3@eepurl.com,Female,95.27.233.64
941,Karia,Closs,kclossq4@sun.com,Female,50.234.31.235
942,Aldridge,Sturm,asturmq5@people.com.cn,Male,147.31.214.228
943,Webb,Fullerlove,wfullerloveq6@xinhuanet.com,Male,136.153.201.120
944,Johny,Capelen,jcapelenq7@mashable.com,Male,227.174.135.75
945,Bronnie,Leyland,bleylandq8@pinterest.com,Genderfluid,234.156.127.129
946,Allyce,Callow,acallowq9@edublogs.org,Female,80.171.217.169
947,Nerissa,Easterfield,neasterfieldqa@illinois.edu,Female,68.56.96.6
948,Byrle,Plumridege,bplumridegeqb@tmall.com,Male,51.226.253.148
949,Merwyn,Dencs,mdencsqc@qq.com,Male,104.198.35.93
950,Chen,Tivers,ctiversqd@mayoclinic.com,Male,229.31.106.227
951,Carlin,Retter,cretterqe@msu.edu,Male,129.206.250.147
952,Tome,Frisel,tfriselqf@gmpg.org,Male,19.70.104.230
953,Merrielle,Bessom,mbessomqg@theatlantic.com,Female,102.77.51.245
954,Agnella,Brandes,abrandesqh@homestead.com,Female,119.62.159.172
955,Redford,Panswick,rpanswickqi@census.gov,Male,71.202.20.132
956,Halsy,Dine-Hart,hdinehartqj@jugem.jp,Male,42.209.66.245
957,Domini,Stodit,dstoditqk@blogs.com,Female,172.190.21.191
958,Hayward,Arent,harentql@webs.com,Male,164.161.239.80
959,Muhammad,Blodgett,mblodgettqm@unc.edu,Polygender,83.171.101.176
960,Kylie,Allett,kallettqn@edublogs.org,Male,6.130.100.19
961,Kate,Greasty,kgreastyqo@paginegialle.it,Female,221.245.86.173
962,Curtis,Beaven,cbeavenqp@mapy.cz,Male,226.61.189.173
963,Ilysa,Gudge,igudgeqq@discuz.net,Female,134.158.40.12
964,Herschel,Thieme,hthiemeqr@columbia.edu,Male,87.63.234.217
965,Cory,Mardall,cmardallqs@examiner.com,Male,45.52.208.26
966,Gerti,Bisacre,gbisacreqt@cnet.com,Female,13.4.20.79
967,Marj,Greeding,mgreedingqu@goo.gl,Female,174.141.211.219
968,Henrie,Tomasutti,htomasuttiqv@mlb.com,Female,238.153.105.14
969,Reeva,Lyste,rlysteqw@dyndns.org,Female,206.54.68.204
970,Astrix,Kelbie,akelbieqx@bbc.co.uk,Genderqueer,209.24.44.135
971,Byrann,Dorset,bdorsetqy@vimeo.com,Male,169.175.11.79
972,Sherline,Redgate,sredgateqz@cdbaby.com,Female,91.195.8.210
973,Caitlin,Paterson,cpatersonr0@slashdot.org,Female,36.254.133.87
974,Tonie,Danilchev,tdanilchevr1@ocn.ne.jp,Female,133.156.243.129
975,Raquela,Sirette,rsiretter2@is.gd,Female,135.6.68.179
976,Marten,Dray,mdrayr3@yahoo.com,Genderqueer,74.26.70.188
977,David,Caccavella,dcaccavellar4@bizjournals.com,Male,167.107.178.240
978,Keven,Biaggioni,kbiaggionir5@friendfeed.com,Male,197.80.106.157
979,Knox,Di Filippo,kdifilippor6@reference.com,Male,64.192.44.164
980,Vlad,Sweetzer,vsweetzerr7@indiegogo.com,Male,38.8.111.76
981,Vinita,Skellington,vskellingtonr8@google.com.hk,Female,191.210.110.110
982,Sapphire,Priestley,spriestleyr9@i2i.jp,Bigender,90.219.162.131
983,Benedicta,Grishinov,bgrishinovra@bloglovin.com,Female,156.15.68.88
984,Stanislaw,Bresson,sbressonrb@nytimes.com,Male,85.114.1.52
985,Thia,Ferryn,tferrynrc@deliciousdays.com,Female,173.107.137.215
986,Joyce,Froggatt,jfroggattrd@wikipedia.org,Genderqueer,74.242.144.86
987,Parnell,Griston,pgristonre@posterous.com,Male,122.102.16.166
988,Krystle,Aucoate,kaucoaterf@alibaba.com,Female,190.239.66.178
989,Martie,Coper,mcoperrg@sphinn.com,Male,18.23.87.205
990,Bamby,Bortoli,bbortolirh@jiathis.com,Female,46.80.69.75
991,Arabelle,MacKenzie,amackenzieri@dell.com,Genderfluid,150.19.89.24
992,Sanders,Server,sserverrj@bloglines.com,Male,13.66.205.100
993,Lance,Lutman,llutmanrk@hc360.com,Male,118.210.239.81
994,Odilia,Offer,oofferrl@friendfeed.com,Female,27.51.157.141
995,Bart,MacTavish,bmactavishrm@amazon.co.uk,Male,36.116.130.111
996,Gerhard,O'Gready,gogreadyrn@ocn.ne.jp,Male,59.28.97.133
997,Kaye,Kermott,kkermottro@scribd.com,Agender,223.109.209.68
998,Noemi,Joules,njoulesrp@clickbank.net,Female,11.43.55.146
999,Eldredge,Klimshuk,eklimshukrq@youtube.com,Male,186.223.44.174
1000,Beitris,Boriston,bboristonrr@cyberchimps.com,Female,241.76.88.107
